indep_1,indep_2,indep_3,dep_1,dep_2,dep_3
NA,NA,NA,NA,NA,NA
NA,NA,NA,NA,NA,NA
NA,NA,NA,NA,NA,NA
NA,NA,NA,NA,NA,NA
NA,NA,NA,NA,NA,NA
NA,NA,NA,NA,NA,NA
NA,NA,NA,NA,NA,NA
NA,NA,NA,NA,NA,NA
NA,NA,NA,NA,NA,NA
NA,NA,NA,NA,NA,NA
NA,NA,NA,NA,NA,NA
NA,NA,NA,NA,NA,NA
NA,NA,NA,NA,NA,NA
NA,NA,NA,NA,NA,NA
NA,NA,NA,NA,NA,NA
NA,NA,NA,NA,NA,NA
NA,NA,NA,NA,NA,NA
NA,NA,NA,NA,NA,NA
NA,NA,NA,NA,NA,NA
NA,NA,NA,NA,NA,NA
NA,NA,NA,NA,NA,NA
NA,NA,NA,NA,NA,NA
NA,NA,NA,NA,NA,NA
NA,NA,NA,NA,NA,NA
NA,NA,NA,NA,NA,NA
NA,NA,NA,NA,NA,NA
NA,NA,NA,NA,NA,NA
NA,NA,NA,NA,NA,NA
NA,NA,NA,NA,NA,NA
NA,NA,NA,NA,NA,NA
NA,NA,NA,NA,NA,NA
NA,NA,NA,NA,NA,NA
NA,NA,NA,NA,NA,NA
NA,NA,NA,NA,NA,NA
NA,NA,NA,NA,NA,NA
NA,NA,NA,NA,NA,NA
NA,NA,NA,NA,NA,NA
NA,NA,NA,NA,NA,NA
NA,NA,NA,NA,NA,NA
NA,NA,NA,NA,NA,NA
NA,NA,NA,NA,NA,NA
NA,NA,NA,NA,NA,NA
NA,NA,NA,NA,NA,NA
NA,NA,NA,NA,NA,NA
NA,NA,NA,NA,NA,NA
NA,NA,NA,NA,NA,NA
NA,NA,NA,NA,NA,NA
NA,NA,NA,NA,NA,NA
NA,NA,NA,NA,NA,NA
NA,NA,NA,NA,NA,NA
NA,NA,NA,NA,NA,NA
NA,NA,NA,NA,NA,NA
NA,NA,NA,NA,NA,NA
NA,NA,NA,NA,NA,NA
NA,NA,NA,NA,NA,NA
NA,NA,NA,NA,NA,NA
NA,NA,NA,NA,NA,NA
NA,NA,NA,NA,NA,NA
NA,NA,NA,NA,NA,NA
NA,NA,NA,NA,NA,NA
NA,NA,NA,NA,NA,NA
NA,NA,NA,NA,NA,NA
NA,NA,NA,NA,NA,NA
NA,NA,NA,NA,NA,NA
NA,NA,NA,NA,NA,NA
NA,NA,NA,NA,NA,NA
NA,NA,NA,NA,NA,NA
NA,NA,NA,NA,NA,NA
NA,NA,NA,NA,NA,NA
NA,NA,NA,NA,NA,NA
NA,NA,NA,NA,NA,NA
NA,NA,NA,NA,NA,NA
NA,NA,NA,NA,NA,NA
NA,NA,NA,NA,NA,NA
NA,NA,NA,NA,NA,NA
NA,NA,NA,NA,NA,NA
NA,NA,NA,NA,NA,NA
NA,NA,NA,NA,NA,NA
NA,NA,NA,NA,NA,NA
NA,NA,NA,NA,NA,NA
NA,NA,NA,NA,NA,NA
NA,NA,NA,NA,NA,NA
NA,NA,NA,NA,NA,NA
NA,NA,NA,NA,NA,NA
NA,NA,NA,NA,NA,NA
NA,NA,NA,NA,NA,NA
NA,NA,NA,NA,NA,NA
NA,NA,NA,NA,NA,NA
NA,NA,NA,NA,NA,NA
NA,NA,NA,NA,NA,NA
NA,NA,NA,NA,NA,NA
NA,NA,NA,NA,NA,NA
NA,NA,NA,NA,NA,NA
NA,NA,NA,NA,NA,NA
NA,NA,NA,NA,NA,NA
NA,NA,NA,NA,NA,NA
NA,NA,NA,NA,NA,NA
NA,NA,NA,NA,NA,NA
NA,NA,NA,NA,NA,NA
NA,NA,NA,NA,NA,NA
NA,NA,NA,NA,NA,NA
NA,NA,NA,NA,NA,NA
NA,NA,NA,NA,NA,NA
NA,NA,NA,NA,NA,NA
NA,NA,NA,NA,NA,NA
NA,NA,NA,NA,NA,NA
NA,NA,NA,NA,NA,NA
NA,NA,NA,NA,NA,NA
NA,NA,NA,NA,NA,NA
NA,NA,NA,NA,NA,NA
NA,NA,NA,NA,NA,NA
NA,NA,NA,NA,NA,NA
NA,NA,NA,NA,NA,NA
NA,NA,NA,NA,NA,NA
NA,NA,NA,NA,NA,NA
NA,NA,NA,NA,NA,NA
NA,NA,NA,NA,NA,NA
NA,NA,NA,NA,NA,NA
NA,NA,NA,NA,NA,NA
NA,NA,NA,NA,NA,NA
NA,NA,NA,NA,NA,NA
NA,NA,NA,NA,NA,NA
NA,NA,NA,NA,NA,NA
NA,NA,NA,NA,NA,NA
NA,NA,NA,NA,NA,NA
NA,NA,NA,NA,NA,NA
NA,NA,NA,NA,NA,NA
NA,NA,NA,NA,NA,NA
NA,NA,NA,NA,NA,NA
NA,NA,NA,NA,NA,NA
NA,NA,NA,NA,NA,NA
NA,NA,NA,NA,NA,NA
NA,NA,NA,NA,NA,NA
NA,NA,NA,NA,NA,NA
NA,NA,NA,NA,NA,NA
NA,NA,NA,NA,NA,NA
NA,NA,NA,NA,NA,NA
NA,NA,NA,NA,NA,NA
NA,NA,NA,NA,NA,NA
NA,NA,NA,NA,NA,NA
NA,NA,NA,NA,NA,NA
NA,NA,NA,NA,NA,NA
NA,NA,NA,NA,NA,NA
NA,NA,NA,NA,NA,NA
NA,NA,NA,NA,NA,NA
NA,NA,NA,NA,NA,NA
NA,NA,NA,NA,NA,NA
NA,NA,NA,NA,NA,NA
NA,NA,NA,NA,NA,NA
NA,NA,NA,NA,NA,NA
NA,NA,NA,NA,NA,NA
NA,NA,NA,NA,NA,NA
NA,NA,NA,NA,NA,NA
NA,NA,NA,NA,NA,NA
NA,NA,NA,NA,NA,NA
NA,NA,NA,NA,NA,NA
NA,NA,NA,NA,NA,NA
NA,NA,NA,NA,NA,NA
NA,NA,NA,NA,NA,NA
NA,NA,NA,NA,NA,NA
NA,NA,NA,NA,NA,NA
NA,NA,NA,NA,NA,NA
NA,NA,NA,NA,NA,NA
NA,NA,NA,NA,NA,NA
NA,NA,NA,NA,NA,NA
NA,NA,NA,NA,NA,NA
NA,NA,NA,NA,NA,NA
NA,NA,NA,NA,NA,NA
NA,NA,NA,NA,NA,NA
NA,NA,NA,NA,NA,NA
NA,NA,NA,NA,NA,NA
NA,NA,NA,NA,NA,NA
NA,NA,NA,NA,NA,NA
NA,NA,NA,NA,NA,NA
NA,NA,NA,NA,NA,NA
NA,NA,NA,NA,NA,NA
NA,NA,NA,NA,NA,NA
NA,NA,NA,NA,NA,NA
NA,NA,NA,NA,NA,NA
NA,NA,NA,NA,NA,NA
NA,NA,NA,NA,NA,NA
NA,NA,NA,NA,NA,NA
NA,NA,NA,NA,NA,NA
NA,NA,NA,NA,NA,NA
NA,NA,NA,NA,NA,NA
NA,NA,NA,NA,NA,NA
NA,NA,NA,NA,NA,NA
NA,NA,NA,NA,NA,NA
NA,NA,NA,NA,NA,NA
NA,NA,NA,NA,NA,NA
NA,NA,NA,NA,NA,NA
NA,NA,NA,NA,NA,NA
NA,NA,NA,NA,NA,NA
NA,NA,NA,NA,NA,NA
NA,NA,NA,NA,NA,NA
NA,NA,NA,NA,NA,NA
NA,NA,NA,NA,NA,NA
NA,NA,NA,NA,NA,NA
NA,NA,NA,NA,NA,NA
NA,NA,NA,NA,NA,NA
NA,NA,NA,NA,NA,NA
NA,NA,NA,NA,NA,NA
NA,NA,NA,NA,NA,NA
NA,NA,NA,NA,NA,NA
NA,NA,NA,NA,NA,NA
NA,NA,NA,NA,NA,NA
NA,NA,NA,NA,NA,NA
NA,NA,NA,NA,NA,NA
NA,NA,NA,NA,NA,NA
NA,NA,NA,NA,NA,NA
NA,NA,NA,NA,NA,NA
NA,NA,NA,NA,NA,NA
NA,NA,NA,NA,NA,NA
NA,NA,NA,NA,NA,NA
NA,NA,NA,NA,NA,NA
NA,NA,NA,NA,NA,NA
NA,NA,NA,NA,NA,NA
NA,NA,NA,NA,NA,NA
NA,NA,NA,NA,NA,NA
NA,NA,NA,NA,NA,NA
NA,NA,NA,NA,NA,NA
NA,NA,NA,NA,NA,NA
NA,NA,NA,NA,NA,NA
NA,NA,NA,NA,NA,NA
NA,NA,NA,NA,NA,NA
NA,NA,NA,NA,NA,NA
NA,NA,NA,NA,NA,NA
NA,NA,NA,NA,NA,NA
NA,NA,NA,NA,NA,NA
NA,NA,NA,NA,NA,NA
NA,NA,NA,NA,NA,NA
NA,NA,NA,NA,NA,NA
NA,NA,NA,NA,NA,NA
NA,NA,NA,NA,NA,NA
NA,NA,NA,NA,NA,NA
NA,NA,NA,NA,NA,NA
NA,NA,NA,NA,NA,NA
NA,NA,NA,NA,NA,NA
NA,NA,NA,NA,NA,NA
NA,NA,NA,NA,NA,NA
NA,NA,NA,NA,NA,NA
NA,NA,NA,NA,NA,NA
NA,NA,NA,NA,NA,NA
NA,NA,NA,NA,NA,NA
NA,NA,NA,NA,NA,NA
NA,NA,NA,NA,NA,NA
NA,NA,NA,NA,NA,NA
NA,NA,NA,NA,NA,NA
NA,NA,NA,NA,NA,NA
NA,NA,NA,NA,NA,NA
NA,NA,NA,NA,NA,NA
NA,NA,NA,NA,NA,NA
NA,NA,NA,NA,NA,NA
NA,NA,NA,NA,NA,NA
NA,NA,NA,NA,NA,NA
NA,NA,NA,NA,NA,NA
NA,NA,NA,NA,NA,NA
NA,NA,NA,NA,NA,NA
NA,NA,NA,NA,NA,NA
NA,NA,NA,NA,NA,NA
NA,NA,NA,NA,NA,NA
NA,NA,NA,NA,NA,NA
NA,NA,NA,NA,NA,NA
NA,NA,NA,NA,NA,NA
NA,NA,NA,NA,NA,NA
NA,NA,NA,NA,NA,NA
NA,NA,NA,NA,NA,NA
NA,NA,NA,NA,NA,NA
NA,NA,NA,NA,NA,NA
NA,NA,NA,NA,NA,NA
NA,NA,NA,NA,NA,NA
NA,NA,NA,NA,NA,NA
NA,NA,NA,NA,NA,NA
NA,NA,NA,NA,NA,NA
NA,NA,NA,NA,NA,NA
NA,NA,NA,NA,NA,NA
NA,NA,NA,NA,NA,NA
NA,NA,NA,NA,NA,NA
NA,NA,NA,NA,NA,NA
NA,NA,NA,NA,NA,NA
NA,NA,NA,NA,NA,NA
NA,NA,NA,NA,NA,NA
NA,NA,NA,NA,NA,NA
NA,NA,NA,NA,NA,NA
NA,NA,NA,NA,NA,NA
NA,NA,NA,NA,NA,NA
NA,NA,NA,NA,NA,NA
NA,NA,NA,NA,NA,NA
NA,NA,NA,NA,NA,NA
NA,NA,NA,NA,NA,NA
NA,NA,NA,NA,NA,NA
NA,NA,NA,NA,NA,NA
NA,NA,NA,NA,NA,NA
NA,NA,NA,NA,NA,NA
NA,NA,NA,NA,NA,NA
NA,NA,NA,NA,NA,NA
NA,NA,NA,NA,NA,NA
NA,NA,NA,NA,NA,NA
NA,NA,NA,NA,NA,NA
NA,NA,NA,NA,NA,NA
NA,NA,NA,NA,NA,NA
NA,NA,NA,NA,NA,NA
NA,NA,NA,NA,NA,NA
NA,NA,NA,NA,NA,NA
NA,NA,NA,NA,NA,NA
NA,NA,NA,NA,NA,NA
NA,NA,NA,NA,NA,NA
NA,NA,NA,NA,NA,NA
NA,NA,NA,NA,NA,NA
NA,NA,NA,NA,NA,NA
NA,NA,NA,NA,NA,NA
NA,NA,NA,NA,NA,NA
NA,NA,NA,NA,NA,NA
NA,NA,NA,NA,NA,NA
NA,NA,NA,NA,NA,NA
NA,NA,NA,NA,NA,NA
NA,NA,NA,NA,NA,NA
NA,NA,NA,NA,NA,NA
NA,NA,NA,NA,NA,NA
NA,NA,NA,NA,NA,NA
NA,NA,NA,NA,NA,NA
NA,NA,NA,NA,NA,NA
NA,NA,NA,NA,NA,NA
NA,NA,NA,NA,NA,NA
NA,NA,NA,NA,NA,NA
NA,NA,NA,NA,NA,NA
NA,NA,NA,NA,NA,NA
NA,NA,NA,NA,NA,NA
NA,NA,NA,NA,NA,NA
NA,NA,NA,NA,NA,NA
NA,NA,NA,NA,NA,NA
NA,NA,NA,NA,NA,NA
NA,NA,NA,NA,NA,NA
NA,NA,NA,NA,NA,NA
NA,NA,NA,NA,NA,NA
NA,NA,NA,NA,NA,NA
NA,NA,NA,NA,NA,NA
NA,NA,NA,NA,NA,NA
NA,NA,NA,NA,NA,NA
NA,NA,NA,NA,NA,NA
NA,NA,NA,NA,NA,NA
NA,NA,NA,NA,NA,NA
NA,NA,NA,NA,NA,NA
NA,NA,NA,NA,NA,NA
NA,NA,NA,NA,NA,NA
NA,NA,NA,NA,NA,NA
NA,NA,NA,NA,NA,NA
NA,NA,NA,NA,NA,NA
NA,NA,NA,NA,NA,NA
NA,NA,NA,NA,NA,NA
NA,NA,NA,NA,NA,NA
NA,NA,NA,NA,NA,NA
NA,NA,NA,NA,NA,NA
NA,NA,NA,NA,NA,NA
NA,NA,NA,NA,NA,NA
NA,NA,NA,NA,NA,NA
NA,NA,NA,NA,NA,NA
NA,NA,NA,NA,NA,NA
NA,NA,NA,NA,NA,NA
NA,NA,NA,NA,NA,NA
NA,NA,NA,NA,NA,NA
NA,NA,NA,NA,NA,NA
NA,NA,NA,NA,NA,NA
NA,NA,NA,NA,NA,NA
NA,NA,NA,NA,NA,NA
NA,NA,NA,NA,NA,NA
NA,NA,NA,NA,NA,NA
NA,NA,NA,NA,NA,NA
NA,NA,NA,NA,NA,NA
NA,NA,NA,NA,NA,NA
NA,NA,NA,NA,NA,NA
NA,NA,NA,NA,NA,NA
NA,NA,NA,NA,NA,NA
NA,NA,NA,NA,NA,NA
NA,NA,NA,NA,NA,NA
NA,NA,NA,NA,NA,NA
NA,NA,NA,NA,NA,NA
NA,NA,NA,NA,NA,NA
NA,NA,NA,NA,NA,NA
NA,NA,NA,NA,NA,NA
NA,NA,NA,NA,NA,NA
NA,NA,NA,NA,NA,NA
NA,NA,NA,NA,NA,NA
NA,NA,NA,NA,NA,NA
NA,NA,NA,NA,NA,NA
NA,NA,NA,NA,NA,NA
NA,NA,NA,NA,NA,NA
NA,NA,NA,NA,NA,NA
NA,NA,NA,NA,NA,NA
NA,NA,NA,NA,NA,NA
NA,NA,NA,NA,NA,NA
NA,NA,NA,NA,NA,NA
NA,NA,NA,NA,NA,NA
NA,NA,NA,NA,NA,NA
NA,NA,NA,NA,NA,NA
NA,NA,NA,NA,NA,NA
NA,NA,NA,NA,NA,NA
NA,NA,NA,NA,NA,NA
NA,NA,NA,NA,NA,NA
NA,NA,NA,NA,NA,NA
NA,NA,NA,NA,NA,NA
NA,NA,NA,NA,NA,NA
NA,NA,NA,NA,NA,NA
NA,NA,NA,NA,NA,NA
NA,NA,NA,NA,NA,NA
NA,NA,NA,NA,NA,NA
NA,NA,NA,NA,NA,NA
NA,NA,NA,NA,NA,NA
NA,NA,NA,NA,NA,NA
NA,NA,NA,NA,NA,NA
NA,NA,NA,NA,NA,NA
NA,NA,NA,NA,NA,NA
NA,NA,NA,NA,NA,NA
NA,NA,NA,NA,NA,NA
NA,NA,NA,NA,NA,NA
NA,NA,NA,NA,NA,NA
NA,NA,NA,NA,NA,NA
NA,NA,NA,NA,NA,NA
NA,NA,NA,NA,NA,NA
NA,NA,NA,NA,NA,NA
NA,NA,NA,NA,NA,NA
NA,NA,NA,NA,NA,NA
NA,NA,NA,NA,NA,NA
NA,NA,NA,NA,NA,NA
NA,NA,NA,NA,NA,NA
NA,NA,NA,NA,NA,NA
NA,NA,NA,NA,NA,NA
NA,NA,NA,NA,NA,NA
NA,NA,NA,NA,NA,NA
NA,NA,NA,NA,NA,NA
NA,NA,NA,NA,NA,NA
NA,NA,NA,NA,NA,NA
NA,NA,NA,NA,NA,NA
NA,NA,NA,NA,NA,NA
NA,NA,NA,NA,NA,NA
NA,NA,NA,NA,NA,NA
NA,NA,NA,NA,NA,NA
NA,NA,NA,NA,NA,NA
NA,NA,NA,NA,NA,NA
NA,NA,NA,NA,NA,NA
NA,NA,NA,NA,NA,NA
NA,NA,NA,NA,NA,NA
NA,NA,NA,NA,NA,NA
NA,NA,NA,NA,NA,NA
NA,NA,NA,NA,NA,NA
NA,NA,NA,NA,NA,NA
NA,NA,NA,NA,NA,NA
NA,NA,NA,NA,NA,NA
NA,NA,NA,NA,NA,NA
NA,NA,NA,NA,NA,NA
NA,NA,NA,NA,NA,NA
NA,NA,NA,NA,NA,NA
NA,NA,NA,NA,NA,NA
NA,NA,NA,NA,NA,NA
NA,NA,NA,NA,NA,NA
NA,NA,NA,NA,NA,NA
NA,NA,NA,NA,NA,NA
NA,NA,NA,NA,NA,NA
NA,NA,NA,NA,NA,NA
NA,NA,NA,NA,NA,NA
NA,NA,NA,NA,NA,NA
NA,NA,NA,NA,NA,NA
NA,NA,NA,NA,NA,NA
NA,NA,NA,NA,NA,NA
NA,NA,NA,NA,NA,NA
NA,NA,NA,NA,NA,NA
NA,NA,NA,NA,NA,NA
NA,NA,NA,NA,NA,NA
NA,NA,NA,NA,NA,NA
NA,NA,NA,NA,NA,NA
NA,NA,NA,NA,NA,NA
NA,NA,NA,NA,NA,NA
NA,NA,NA,NA,NA,NA
NA,NA,NA,NA,NA,NA
NA,NA,NA,NA,NA,NA
NA,NA,NA,NA,NA,NA
NA,NA,NA,NA,NA,NA
NA,NA,NA,NA,NA,NA
NA,NA,NA,NA,NA,NA
NA,NA,NA,NA,NA,NA
NA,NA,NA,NA,NA,NA
NA,NA,NA,NA,NA,NA
NA,NA,NA,NA,NA,NA
NA,NA,NA,NA,NA,NA
NA,NA,NA,NA,NA,NA
NA,NA,NA,NA,NA,NA
NA,NA,NA,NA,NA,NA
NA,NA,NA,NA,NA,NA
NA,NA,NA,NA,NA,NA
NA,NA,NA,NA,NA,NA
NA,NA,NA,NA,NA,NA
NA,NA,NA,NA,NA,NA
NA,NA,NA,NA,NA,NA
NA,NA,NA,NA,NA,NA
NA,NA,NA,NA,NA,NA
NA,NA,NA,NA,NA,NA
NA,NA,NA,NA,NA,NA
NA,NA,NA,NA,NA,NA
NA,NA,NA,NA,NA,NA
NA,NA,NA,NA,NA,NA
8.184272572598504,10.559199902145863,8.31160258511332,0,C,19.743472474744365
7.291391143000848,15.042907556926242,10.581926873862434,1,C,23.33429869992709
11.468034833842836,15.053208604801247,6.411587344334269,1,A,27.521243438644085
12.751152700804827,1.212448672780198,10.189324409926018,0,B,14.963601373585025
3.1928865829412736,10.729067880672767,13.601484239090501,0,B,14.92195446361404
8.775392270154295,8.303334413369873,5.991162884648033,0,B,18.078726683524167
11.451585118530788,6.2789115218094835,8.957584666140107,0,C,18.73049664034027
7.269993385302723,9.051825665909313,7.877183647908675,0,C,17.321819051212035
9.249211321402516,1.3845795672922279,11.789227792755554,0,C,11.633790888694744
15.021688380821622,8.25987964618967,9.286085023244627,1,A,24.281568027011293
4.5661314574690985,11.453436507046149,12.369739751301047,0,A,17.019567964515247
9.055521448122649,4.096423376416094,9.436716035421306,0,A,14.151944824538743
9.712936693142286,6.060712152630981,7.752465421627028,0,A,16.773648845773266
16.57984350975804,16.903677131749546,15.544468159337423,1,B,34.48352064150758
11.071456300821046,10.184132952876435,12.788531877740938,1,B,22.25558925369748
9.964204397718069,8.732292884992322,10.131001157572909,0,B,19.69649728271039
12.482592676608885,14.968994327664667,12.570623866895158,1,B,28.451587004273552
9.48811190343222,9.72249075404998,7.743411388468908,1,A,20.210602657482198
12.701172371945766,8.509698418452837,5.778079636807556,1,A,22.2108707903986
11.35730275732695,8.197599151768237,1.5103390405986712,1,B,20.554901909095186
14.716533959199023,12.12764186411831,12.26659369636026,1,C,27.844175823317332
14.970640380198379,14.686572736781903,8.992681082398489,1,B,30.65721311698028
5.980801400307788,8.647993108684489,9.18906464198831,0,A,15.628794508992277
8.380548633998613,10.674180138742699,3.9602705559014098,1,A,20.054728772741313
8.206719817155676,14.68954391549638,11.674696788917176,1,A,23.896263732652056
12.354972945639089,12.532544936656752,12.587510169286066,1,C,25.88751788229584
10.645980996690222,13.047057473282967,4.55075004883406,1,B,24.69303846997319
4.302404592035999,10.301830471701638,10.294992754727271,0,C,15.604235063737637
5.907915048901167,13.823906303043557,9.908441106974923,1,A,20.731821351944724
17.436378658141784,5.205501257976971,11.139147194771486,1,A,23.641879916118754
8.765606451063187,15.420678802812887,10.696501429992574,1,A,25.186285253876072
11.533675040206909,9.346558731091434,5.711142773453901,1,A,21.880233771298343
10.322171521709649,11.719074400890134,9.902749917136745,1,B,23.041245922599785
10.999879913996566,6.66652981641863,8.63219014814156,0,C,18.666409730415197
6.127585875648709,11.883668469693585,9.065132923680151,0,B,19.011254345342294
8.546130193090626,10.823570422949006,9.848256735236903,1,C,20.36970061603963
9.590525267922128,11.414658896431503,9.402758213258263,1,B,22.00518416435363
10.602562394064655,6.8026952471019735,9.108725358568353,0,C,18.405257641166628
14.455817433064986,9.063641066733984,4.970912156813164,1,B,24.519458499798972
11.06972370324744,11.46187500766692,9.395035763981138,1,C,23.53159871091436
7.496657722456313,11.913173614848953,7.243034931895546,1,A,20.409831337305267
8.197942389382906,7.308301735196443,7.984411393069264,0,B,16.50624412457935
12.315097589568143,12.213840104787383,8.589282962979523,1,A,25.528937694355527
7.200738447230245,8.671090841360714,12.214198832981863,0,B,16.87182928859096
9.86218784146662,12.032332108523901,9.681467182515506,1,B,22.89451994999052
9.320579938397604,5.880937657765957,8.300789113729982,0,A,16.201517596163562
6.416100755715278,12.054953832460654,9.5788575450907,0,A,19.47105458817593
6.329461628122633,5.805382350659918,8.13605972631682,0,A,13.134843978782552
13.718589161111414,11.737629251791365,11.828336104567883,1,A,26.45621841290278
13.7146681320249,9.126625221401701,10.680700987630521,1,C,23.8412933534266
14.459517287652844,11.351188403416222,8.743095621461276,1,A,26.810705691069067
8.691836513657297,9.7821868841706,10.365411695114721,0,A,19.474023397827896
4.712082915967438,12.092011503951722,10.139389321216084,0,C,17.80409441991916
9.937928768225818,10.209224228869255,14.185542492500057,1,A,21.147152997095073
13.601923263008846,7.109814067685827,12.939361053731327,1,B,21.711737330694675
12.017334459354714,3.9684597776048616,8.817643920280672,0,A,16.985794236959578
11.454202853561668,10.448866389548455,11.215777751312563,1,A,22.903069243110124
9.661298384153769,10.53200088640602,7.878531642759296,1,B,21.19329927055979
14.448427626886712,7.782651971263551,10.989371156561912,1,A,23.231079598150263
12.426176454710536,5.741004126898273,10.552584665285838,0,A,19.16718058160881
12.897114239431739,7.3346732734476685,10.123426429856709,1,B,21.231787512879407
10.1032866315466,7.729613354332612,9.81594012327782,0,B,18.832899985879212
9.84920140598017,5.171956654683122,12.825377352921935,0,C,16.02115806066329
9.118185324768332,11.83839319535933,13.797911415144018,1,A,21.956578520127664
9.140778617158455,6.54619198282956,10.99474034776554,0,B,16.686970599988015
14.3570760622081,9.87513950286862,11.944896090309335,1,A,25.23221556507672
10.009840127337634,10.493453259349,15.00671746217354,1,B,21.503293386686636
7.899133627775152,6.57196753147044,8.239025386769038,0,A,15.471101159245592
13.75081452024995,16.55297200812374,10.13655419550573,1,C,31.30378652837369
11.824108678797854,12.392305833294142,8.3037789569026,1,B,25.216414512091994
9.704418388553664,8.494550611421273,8.921252414769377,0,B,19.198968999974937
12.053907980458092,10.025926871469245,10.164587859508607,1,C,23.079834851927338
7.070510853878379,10.742111686928107,10.501590996299274,0,C,18.812622540806487
12.979066913977556,8.041565544360243,12.87373973082461,1,A,22.0206324583378
10.716475480230786,13.726415092389164,12.375794127071353,1,C,25.44289057261995
10.751265298304322,12.190986825862218,12.634667532541773,1,B,23.94225212416654
10.440170304773963,5.686897534790889,12.219438003557404,0,A,17.12706783956485
9.925229510450846,9.237391451776956,15.379749332601824,1,B,20.162620962227802
6.213551070345338,7.214961271311738,10.85367294526242,0,B,14.428512341657076
10.107881611934474,14.989524095920697,10.850352822692138,1,C,26.09740570785517
5.16437800674578,8.787435086490138,11.072865279088761,0,C,14.951813093235918
7.349422752865132,9.071014024532989,7.258802891233316,0,C,17.42043677739812
6.529504337810366,9.988021842035916,11.794098442724373,0,B,17.517526179846282
12.619638154075925,6.861340175721572,13.266124234918252,1,A,20.480978329797498
4.480749986096637,12.594897405621058,10.66814614968562,0,A,18.075647391717695
11.29158202376247,8.77615982424988,7.544412291819234,1,C,21.06774184801235
7.124058813159904,9.549002628060233,13.891602361757892,0,B,17.673061441220135
13.093454717745836,7.326887376737842,7.569033011082714,1,A,21.42034209448368
13.099733106709534,3.1827847174324013,9.676065462588046,0,C,17.282517824141934
11.750090537692023,11.21556623232629,7.089409102537125,1,C,23.965656770018313
6.7412511957219525,18.210698628883222,9.629712147214128,1,A,25.951949824605173
8.233222651346004,7.4402050851277695,13.61167127707085,0,B,16.673427736473773
8.11574872161055,2.342105514530754,10.14351459854448,0,C,11.457854236141305
9.285149707604438,12.678019000753638,7.614833578621056,1,C,22.963168708358076
12.472071516428347,11.486794192488624,13.397895143254313,1,A,24.95886570891697
12.197202037620986,3.6668943519631547,11.428453365311295,0,B,16.86409638958414
14.916264530269743,9.452536556480988,10.018308777120701,1,C,25.36880108675073
10.120719383525621,7.726278627683486,12.16873777565684,0,A,18.84699801120911
1.1927584319000388,13.326928128458668,6.295958000940345,0,B,15.519686560358707
7.78011931758722,13.956754518511794,13.396022058030354,1,C,22.736873836099015
7.675426759940099,12.089745896022201,8.893810598649747,1,B,20.7651726559623
0.8150383762112003,8.236756925718076,9.351083043015727,0,A,10.051795301929277
16.934565936231145,4.904259638625331,4.829370427765262,1,C,22.838825574856475
11.713103155530279,10.42284020647871,8.577722174511166,1,A,23.135943362008987
15.245493301215962,10.577512890729205,8.268426443892062,1,C,26.82300619194517
7.609594457424802,13.132005116575,11.46950352840267,1,B,21.7415995739998
9.391257074687463,12.909631801447732,10.327195302288764,1,B,23.300888876135197
7.6576157141823105,8.88286499343201,5.7591631043246,0,A,17.54048070761432
9.43413973338149,8.448677904997693,12.693167313774797,0,A,18.882817638379183
5.62949915421471,11.09134087987368,6.559334758105973,0,C,17.72084003408839
7.884588958012704,4.228750979925003,14.257853609965704,0,A,13.113339937937706
6.125032572410322,12.140776347283895,13.045070687579894,0,A,19.265808919694216
4.966142635924115,8.07442366394119,5.904357253350985,0,C,14.040566299865304
4.68640994126846,9.97784163431818,10.882189186229834,0,C,15.66425157558664
7.957639826788759,13.986133567691605,11.945252498399629,1,B,22.943773394480363
10.776790122574655,14.250744742887534,7.606175536780613,1,B,26.027534865462187
7.542285020936626,8.874845363431314,10.103248356099309,0,A,17.41713038436794
4.823588841297164,15.351029405044596,12.362335857441916,1,A,21.17461824634176
7.506083289337701,9.931533762625328,8.397721998904352,0,A,18.43761705196303
13.826652363424571,10.822975622929922,5.847054201398335,1,B,25.649627986354496
5.317785164715712,10.825059964503897,6.947531214100777,0,C,17.14284512921961
6.689938501149844,12.168020055377697,14.709238960104773,0,B,19.857958556527542
4.565839453225278,9.214503608787735,10.466725006729286,0,B,14.780343062013014
9.623264425260297,8.965499376753336,8.025585239539053,0,A,19.58876380201363
10.451504716697862,10.995328961132568,13.051589672419428,1,B,22.44683367783043
9.466350645734277,4.860442407235448,7.44129308733695,0,C,15.326793052969725
5.377615080032264,9.737771495277663,11.524277817972536,0,A,16.115386575309927
13.620363153162861,8.436392848909842,10.119629612553238,1,B,23.056756002072703
6.328439325302778,7.978561335075064,5.877519969281839,0,A,15.307000660377842
10.29418511566871,8.070717086348454,9.449593552189258,0,C,19.364902202017163
8.88166348836024,11.07510761427541,8.475932074171446,1,C,20.95677110263565
10.422927627838662,10.703851038125329,8.25533034047431,1,A,22.12677866596399
8.151921798302027,8.771557386103224,6.7086735637730746,0,C,17.923479184405252
8.684400914004826,11.791823221517646,11.771180494385813,1,B,21.47622413552247
7.046237110466129,7.50133249993351,6.864233264078875,0,A,15.54756961039964
10.478721681932942,6.85040589580286,9.256020043367542,0,B,18.329127577735804
16.658740867106985,13.378252120770242,7.959815443545456,1,A,31.036992987877227
8.406717590593251,12.511543649348269,5.8995734640173305,1,B,21.918261239941522
11.111337771010959,8.604267557293706,4.790938697002317,1,C,20.715605328304665
11.068501825651342,6.891438513985192,5.316660253743323,0,A,18.959940339636535
7.579517727855467,12.325066770822078,7.297448520295267,1,B,20.904584498677544
4.654956448826855,12.121169059711708,7.719698252833977,0,A,17.776125508538563
7.431336586622979,13.55741754656014,8.100573818409261,1,A,21.988754133183118
11.939206012561888,14.219168625274168,10.697238488062244,1,A,27.158374637836054
11.531381269830554,8.328732872044673,12.55668078919479,1,C,20.86011414187523
11.556816378703017,10.987562349687956,5.58188236039987,1,A,23.544378728390974
8.570836956138258,11.266175790782208,15.479062722385633,1,A,20.837012746920465
14.45194406882839,2.1341437575424784,7.838501301895077,0,C,17.586087826370868
11.611956796362373,4.479008510262889,14.28508536887935,0,A,17.09096530662526
7.910433882776091,7.8440240339358915,15.520982868949195,0,C,16.75445791671198
9.642481627145287,9.101501865737417,13.294313607856775,0,A,19.743983492882705
7.489093518213903,13.254275706311642,11.69818708548415,1,A,21.743369224525544
5.516649540828409,15.629289605003342,12.445989485359831,1,A,22.14593914583175
6.489881940625487,11.913143566991042,9.946233769168003,0,C,19.40302550761653
10.198322658880874,8.741988526420814,8.287899754361533,0,A,19.940311185301688
12.814687753017179,13.404952588903376,12.986552284630143,1,A,27.219640341920552
10.30103873231909,14.931328432058159,7.569622471932769,1,A,26.23236716437725
9.199877818270798,8.232000740549156,10.060927625933756,0,B,18.431878558819953
14.262720261595394,14.846584650873906,9.621945454259356,1,A,30.109304912469298
9.22742013400524,9.88507810923433,8.087118535929337,1,A,20.11249824323957
7.295604387440164,9.35325883157687,8.302688546557839,0,A,17.648863219017034
11.328751762671269,11.448181950363542,6.388919672927814,1,B,23.77693371303481
7.935690036783161,12.791004756358305,7.5024447253133175,1,C,21.726694793141466
5.488868981532672,13.376563378821526,6.702723697084893,0,C,19.8654323603542
11.163787456649423,5.565251956673835,12.554518165601241,0,C,17.729039413323257
11.49044036643424,13.420183392601949,12.338358205429383,1,A,25.91062375903619
12.117419837246425,6.54892749021843,9.651789862254578,0,C,19.666347327464855
11.614969791711635,5.833474722862556,13.133204464614568,0,C,18.44844451457419
6.088947568856192,16.761632446363475,12.801675192477862,1,B,23.850580015219666
15.055481136777933,8.92780662389286,7.438341564256213,1,A,24.98328776067079
9.249388250624978,8.505640157792904,14.020897696821436,0,B,18.755028408417882
10.065945727409789,15.709913134810881,10.869543989860977,1,A,26.77585886222067
9.749137289903887,11.105567509731735,11.813030287331287,1,A,21.85470479963562
12.148026424237196,13.211429296466846,9.030199698691796,1,B,26.35945572070404
10.364005484966187,10.891138690769989,7.661695379856246,1,C,22.255144175736177
7.656023446479834,5.834756743332099,11.998473131527513,0,C,14.490780189811932
7.780157335428566,9.715187088774515,11.889242129749903,0,A,18.495344424203083
9.953482274538695,10.803844371886438,8.165460875477029,1,B,21.757326646425135
15.382235336491238,11.605621360158198,8.472308145649395,1,A,27.987856696649438
9.59732957801559,11.433343249555932,15.096412635142693,1,C,22.03067282757152
5.945587983565152,8.175802993978348,12.037468250009928,0,B,15.121390977543498
13.714055981745702,8.774361330318994,10.643012696065632,1,B,23.488417312064698
13.666168543436319,9.889509773543859,8.33266776548378,1,A,24.555678316980178
11.956167450048842,12.864518791784828,12.010776184614972,1,A,25.82068624183367
15.447114621686026,12.104087366598064,7.849513082268064,1,C,28.55120198828409
10.158419079464672,12.536147514815664,8.386464014612006,1,C,23.694566594280335
9.791897263427598,9.667526620963946,11.125465447038794,1,A,20.459423884391544
7.51727674268828,10.356878673004319,11.266025846794793,0,A,18.8741554156926
7.337527322863153,12.699128665028349,8.629127323452044,1,A,21.0366559878915
10.197431535486594,11.677446797814264,10.432212437330957,1,A,22.874878333300856
8.779072150033931,7.142824497347277,7.665268443668608,0,A,16.92189664738121
8.087196430241255,6.304526272141593,4.833842787130978,0,A,15.391722702382847
12.149313260538568,11.006317327614525,11.814980779906232,1,C,24.155630588153095
12.285652882681337,9.211897527408263,13.52533568436938,1,C,22.497550410089602
10.8155845037748,7.830710506225297,13.545643435473874,0,C,19.6462950100001
9.358408847029754,8.141707142846832,9.51402390630261,0,A,18.500115989876583
11.866897430325741,13.696626551786306,9.439560241789572,1,A,26.563523982112045
12.75407551261586,9.117115865687527,10.049229680622593,1,A,22.871191378303386
11.077710405437648,10.448498677465892,9.768656593183382,1,C,22.52620908290354
10.263485812018521,11.451393855019585,11.724609046907247,1,B,22.714879667038105
8.335676260636323,6.963972340971457,13.37630022530204,0,C,16.299648601607778
8.115865720364537,6.323171184833626,8.686551836555415,0,C,15.439036905198163
10.952077654747065,4.0625813274802836,10.651923884547537,0,C,16.01465898222735
7.013700615424256,9.292688085079277,7.995708362132508,0,B,17.306388700503533
11.961489494789673,8.961522169034197,7.373554941483045,1,A,21.92301166382387
9.740288588743608,17.28197021374028,4.842142299531291,1,B,28.02225880248389
12.626138329833974,8.569147186009122,13.445697477448562,1,C,22.195285515843096
12.221242868742264,13.218392261140483,8.249385217834421,1,A,26.439635129882745
12.995340678029134,12.317734540885247,11.848064063250874,1,B,26.31307521891438
12.294783373935331,13.766886677072161,6.96122132934719,1,C,27.061670051007493
3.995677804603411,7.4256710991552985,10.094360055263182,0,A,12.421348903758709
13.4224501210093,9.5379202678746,14.326923254093748,1,A,23.960370388883902
7.532990239411611,7.9331708775581,14.403229605679842,0,B,16.46616111696971
20.372395733762108,10.065641643313635,8.108525382253159,1,B,31.438037377075744
15.267373907759456,14.370634453024355,6.29950475384479,1,A,30.63800836078381
13.12555039881355,16.014099311978995,7.409547044065853,1,B,30.139649710792547
12.00567528759585,9.795190808082108,9.92936384760453,1,B,22.800866095677957
3.122496717020886,2.7360597383468406,11.068571722234957,0,A,6.858556455367727
11.85298942181504,9.10144681125818,12.858780602054495,1,C,21.95443623307322
6.193164054286376,13.834772677630703,13.308656790511119,1,B,21.02793673191708
10.34436095014281,10.962227559623747,8.204568416074606,1,C,22.306588509766556
8.442015359953892,10.721951149009048,9.834846380937904,1,B,20.16396650896294
5.266855702296141,9.489586330100234,8.586763498360696,0,B,15.756442032396375
12.894365233964754,6.199599904300364,9.833387816232952,1,A,20.09396513826512
16.706085550580717,6.623303759977583,4.2383303613632615,1,B,24.329389310558298
3.9248347474213165,9.741535717997767,10.75383448609305,0,C,14.666370465419083
14.388070652296765,3.0679986012090197,10.614767473618603,0,A,18.456069253505785
12.978037403276993,13.725548603071367,8.677108673226481,1,C,27.70358600634836
12.586221438093403,6.990750110762291,15.508851458200505,1,A,20.576971548855695
13.116858374258378,7.056534515883438,13.022653993576144,1,C,21.173392890141816
10.403933891269757,12.849434601765054,7.069144993081118,1,A,24.253368493034813
10.601237663954832,7.727743657960515,8.990165983682179,0,A,19.328981321915347
5.953485188958949,8.26344453812559,16.748983197135267,0,A,15.216929727084539
7.378354629830227,6.89571443829387,10.037475801722302,0,B,15.274069068124097
5.12427315000635,17.33450626733218,12.01303977320256,1,C,23.45877941733853
6.1065525793524165,9.18048097085342,11.897094804569926,0,B,16.287033550205837
14.672698632852686,14.894328879820247,7.947176471924002,1,B,30.567027512672933
6.643584659858701,11.470865094251268,12.4994488226944,0,B,19.11444975410997
8.785618031429886,10.347490563962207,13.101650501479796,1,B,20.133108595392095
12.783294984818065,12.445539052531554,10.297635220218844,1,A,26.22883403734962
8.538652713911034,7.369162736735836,15.790263088766471,0,C,16.907815450646872
10.314098286850129,10.643386959876974,6.741237859619954,1,A,21.957485246727103
15.976624951917863,11.503628437292711,11.430246736487128,1,B,28.480253389210574
10.751815865483147,5.331686749993769,7.792885038044822,0,C,17.083502615476917
11.227634321694039,10.331484460102057,9.070871608044643,1,C,22.559118781796094
13.67547391402005,7.078210456300049,10.6774080832602,1,C,21.753684370320098
13.288253473717416,3.629316193727398,8.152379378646375,0,C,17.917569667444816
10.191836105545706,12.255429136546258,11.203395254018018,1,B,23.447265242091966
10.948179172064867,10.914556033309935,6.571625398909904,1,C,22.862735205374804
7.969528475434134,8.737625210164861,8.179831032152855,0,A,17.707153685598996
12.097673676627593,13.14071823564873,7.501305843298647,1,A,26.238391912276324
11.017685729720194,13.70540774404795,11.809713770544786,1,B,25.723093473768145
6.7709731528213215,9.00665105712596,6.948709267390101,0,A,16.777624209947284
12.873159150451379,12.247767833327472,13.545583353581133,1,B,26.12092698377885
16.968966178778004,14.879377152143991,6.751777334169466,1,C,32.84834333092199
7.644263264078862,7.908082310450021,8.71028802211173,0,B,16.552345574528882
7.005717927265671,10.232840596682324,11.298926467352558,0,A,18.238558523947994
8.907306947469241,10.610812203936892,9.908812873184427,1,C,20.518119151406133
7.020887111199663,9.114005371213201,5.179035155299324,0,B,17.134892482412866
7.30536664339939,3.267540998665681,10.82522137794418,0,A,11.572907642065072
9.316136401513605,7.559155595780975,13.611710758842914,0,C,17.875291997294582
14.840294410409989,8.097272479816944,7.230476910624134,1,C,23.937566890226933
12.34956590408644,13.42448138102285,8.22172000581312,1,B,26.77404728510929
11.531874917113669,8.30852033093534,8.890426215399797,1,A,20.840395248049006
8.55098862357237,12.016642445376407,9.971696371352134,1,B,21.567631068948778
6.4602727872049694,10.769433998684399,11.109241001535182,0,A,18.22970678588937
8.700698038968701,10.223469107860234,7.8750236287990045,0,C,19.924167146828935
14.007279278214572,11.875061068194572,7.881723535770677,1,C,26.882340346409144
12.526218436848055,11.279358136221287,7.840049238566914,1,C,24.80557657306934
11.61669586418875,6.693921058013146,10.627872709361608,0,B,19.310616922201895
5.250416603570901,12.980084298221646,5.5209103374913635,0,C,19.230500901792546
8.7048624199575535,4.83440392697797,10.962399434010377,0,B,14.539266346935523
9.819364081654387,11.909115213357229,10.800745880696644,1,C,22.728479295011617
9.796179572677927,10.749999499896706,11.404126352261907,1,C,21.54617907257463
7.821280772155674,8.87468749283071,14.743219975473096,0,C,17.695968264986384
13.350892457024662,3.0897902080756268,10.258416286529162,0,C,17.44068266510029
10.399739744419612,12.365633033870685,10.969238414917076,1,C,23.7653727782903
8.992760690245417,7.470152917731214,12.189312234701244,0,A,17.46291360797663
7.677155980161069,7.766730272577373,9.757441754682295,0,A,16.44388625273844
11.054245674534053,11.03916612210707,11.72422604994388,1,A,23.09341179664112
8.59263246465942,11.369953247924057,8.131971291012098,1,A,20.962585712583476
9.90241294841115,9.752115296030647,14.842070778902478,1,A,20.6545282444418
9.94348968392857,10.230433295519337,10.409655478324437,1,C,21.17392297944791
17.59100066998716,13.767508279787467,13.161570505683926,1,C,32.35850894977463
15.899929649665012,11.054689002482558,7.985046534872207,1,C,27.95461865214757
9.160210065804144,9.516779234134749,12.948203294953778,0,B,19.676989299938892
12.611167011694635,10.6694661662973,9.921286112708684,1,A,24.280633177991934
11.29817143528723,13.249706751230176,8.76988518854209,1,C,25.54787818651741
7.1182827783501,13.360177033172182,11.131424288668171,1,B,21.47845981152228
7.163646312569181,13.656527588315768,8.351850710815453,1,A,21.82017390088495
5.312311088865253,12.31066132523777,6.2212713047698,0,C,18.622972414103025
16.816317143616025,5.441489973443986,12.073896428339255,1,B,23.25780711706001
12.628138912653922,10.354326488963396,5.660584699370206,1,C,23.98246540161732
14.660454871930904,9.251854681261028,13.667936351277314,1,B,24.912309553191932
14.145888705162028,9.406508961732655,9.45195917594899,1,B,24.552397666894684
9.494818555340824,5.263123464516646,13.614812574482116,0,A,15.75794201985747
10.576856221185906,13.537224320693651,8.621451822251165,1,B,25.11408054187956
8.862190094176714,6.6014488153616355,13.525959159796967,0,B,16.46363890953835
12.932746806590343,13.306536376548102,8.64504401087051,1,A,27.239283183138447
10.099687400771154,13.992140188699869,9.555312604358779,1,A,25.091827589471023
8.754080961170562,13.39576014423186,6.3117661750991,1,B,23.149841105402423
11.740606973814424,9.155243601656137,10.887479883592126,1,A,21.89585057547056
13.675969915690281,4.624731107566354,11.032971195635879,0,A,19.300701023256636
11.74252910184241,7.72640826843465,9.929856343771121,1,B,20.46893737027706
8.945873356643919,12.09256950874682,6.729275816860608,1,B,22.03844286539074
12.176066399152894,9.925119793002825,11.485714357579138,1,B,23.10118619215572
12.852368542968089,5.427471397135146,8.965170416979742,0,A,19.279839940103233
13.366455711398258,4.296666077833104,7.205051231854416,0,C,18.66312178923136
13.188356218071277,6.801588063304483,8.950564501230884,1,A,20.98994428137576
7.378732345784835,11.766848863447105,6.428081078376966,1,A,20.145581209231942
4.788242439495481,11.024497037593083,5.073222043438077,0,C,16.812739477088563
15.610933129089048,9.9463380455933,8.979809739858974,1,A,26.55727117468235
4.470827349876994,3.0036532004625345,9.222235947396358,0,C,8.474480550339528
12.872737584449672,12.548560248473578,12.973142994666977,1,A,26.42129783292325
12.224183058752306,12.897199509642878,8.689316076099374,1,A,26.121382568395184
8.028149548570964,10.104182060699436,12.11354951401302,0,A,19.132331609270402
16.8170355142489,6.201252042630135,14.194080595094054,1,C,24.018287556879034
8.006926308671282,6.17470714968478,11.418951399353467,0,C,15.181633458356062
6.488014508382331,10.21137096742638,12.899107210808468,0,A,17.69938547580871
11.65714714282824,8.423766601452927,10.053766418787228,1,C,21.08091374428117
8.858960462303113,11.098212564336814,15.470063172562798,1,A,20.95717302663993
3.7335687394055164,15.904628730550394,6.84731453305968,1,C,20.638197469955912
10.912383868484973,5.3309085521752175,12.972261049357236,0,C,17.24329242066019
7.725491330011671,4.342806796424597,9.634140795044225,0,C,13.068298126436268
9.712099588005144,9.703579889966631,13.159659546422171,1,B,20.415679477971775
9.704387892264954,9.90420148641496,10.361736651925527,1,B,20.608589378679916
10.304346128139997,11.27697092928108,8.58621549367287,1,A,22.581317057421074
13.863388629829045,10.851379702698804,13.483630534356797,1,A,25.714768332527846
11.86834163070646,10.334474922980883,6.768421232024687,1,B,23.20281655368734
11.948366858881457,5.636070083401248,11.125937686984408,0,B,18.584436942282704
14.027491978950806,9.913330217661933,5.9259389088184635,1,A,24.94082219661274
6.973904179364497,10.519845668163889,5.041196360319106,0,A,18.493749847528385
13.49400447524135,7.598147162291116,12.332983751859025,1,C,22.092151637532467
6.06218950595576,8.173188883197668,10.06356299610621,0,B,15.235378389153428
5.765423760208371,14.221530714568592,8.963667320114206,1,A,20.986954474776965
11.889265208181868,10.14915529823014,4.96882228732978,1,C,23.03842050641201
7.260844892860305,7.560563625612988,9.258726644023042,0,C,15.821408518473294
13.719968819134921,6.98526793153297,11.804380146645569,1,A,21.705236750667893
9.842495384600127,9.74001639595021,12.111638355644896,1,C,20.582511780550337
7.453898657857771,7.740191046274925,15.232693986574896,0,B,16.194089704132693
14.794285819981479,12.239777165011088,9.894858103553565,1,B,28.034062984992566
11.842478015509062,9.280188399950822,12.93182757436003,1,C,22.122666415459882
14.96964192156576,8.775661152397674,10.915192578593814,1,B,24.745303073963434
5.9164650025067544,12.69086868239017,11.883205942552083,0,B,19.607333684896922
8.648114261720844,8.479130419935508,11.790637396345003,0,A,18.12724468165635
11.08756575825798,13.328303508914448,5.617973544199552,1,B,25.41586926717243
11.699390099471728,11.786837420445742,11.413152516944644,1,C,24.48622751991747
8.25306327413497,10.293691315270932,11.087230170990567,0,C,19.5467545894059
15.103253386694218,7.465946934010271,7.6034592761366735,1,A,23.56920032070449
9.246110903355241,12.354664511214743,9.548500897751438,1,B,22.600775414569984
9.855018996015644,8.6692859156705,12.876722912700155,0,B,19.524304911686144
15.884782024893827,8.553162447011402,7.543245619895928,1,A,25.43794447190523
7.415937933537455,12.15911443659483,14.702276709243836,1,C,20.575052370132283
9.627743145009568,6.40497862284101,11.867928767282386,0,B,17.03272176785058
7.875305811576016,5.420096654969812,9.089903796119707,0,C,14.295402466545827
8.97245882376126,8.116776226187113,10.140803444725725,0,C,18.08923504994837
11.296244059515734,9.755540066492376,9.570001688166917,1,B,22.05178412600811
5.221756454970047,8.894795954251249,14.517202764728317,0,B,15.116552409221296
10.763773505863364,4.057612159367066,8.707719710939807,0,C,15.82138566523043
8.439226670498378,11.523312432109265,9.97371379313814,1,A,20.962539102607643
9.11719537474454,11.699417171407816,10.477624643961407,1,B,21.816612546152356
11.887557815762587,13.624162972794913,5.087374008139481,1,C,26.5117207885575
11.963085099174764,7.259411985456914,7.672083072882104,1,C,20.222497084631677
17.029717130476413,7.352750187805512,9.243808865456366,1,B,25.382467318281925
7.825054908577352,11.267442986465822,11.07688812353944,1,A,20.092497895043174
5.92615486860414,8.062782797393204,16.054459976900844,0,A,14.988937665997344
8.464233804381339,6.031848433699708,12.950509308152338,0,B,15.496082238081048
8.964910152894696,3.7541593910775877,9.324847003855341,0,B,13.719069543972283
7.248426659252303,7.823713995850696,12.770226047479944,0,A,16.072140655103
8.804228460854468,9.844731720335579,8.434677618068301,0,A,19.64896018119005
8.58100625767894,11.2018872654719,6.944673448088709,1,A,20.78289352315084
13.154085989692163,7.605876296598236,8.339597352478403,1,B,21.7599622862904
11.31760133949779,8.4648006174639,10.417304507941683,1,A,20.782401956961692
11.390149666484579,10.461400821315296,7.265822360256112,1,B,22.851550487799877
9.368434954089844,12.350490609024916,12.666360106770856,1,A,22.71892556311476
8.758898906141384,7.033005313611534,9.03921634336783,0,B,16.79190421975292
13.966890249567184,9.8077280619337035,7.970222155448168,1,A,24.774618311500888
10.473256342391641,12.59177297604851,8.899179668597755,1,B,24.065029318440153
7.511239968103441,14.111423472137762,7.637739931104037,1,C,22.622663440241205
12.89004264359926,7.883858737878567,7.854528763779845,1,C,21.773901381477827
6.419227341417286,12.045484504791682,6.536811199073157,0,B,19.464711846208967
8.952547472274016,13.849278273471697,7.727478383378132,1,C,23.801825745745713
14.307814649755771,6.502477026208367,5.858712076671795,1,C,21.810291675964137
10.965906955829302,7.889938865380703,9.503247966636561,0,A,19.855845821210004
11.391214303673832,10.47793086485172,14.02488842181164,1,A,22.869145168525552
14.40923292477191,12.375892824361078,14.230097715128757,1,B,27.785125749132987
11.732273187892044,12.001598278682625,13.816060386375195,1,C,24.73387146657467
11.610843574405465,12.543852357527907,9.379765856725816,1,A,25.15469593193337
8.317486703811666,13.031533076255162,8.574710854103499,1,C,22.349019780066826
8.246184738032042,12.33996602916833,7.872197538927201,1,C,21.586150767200373
9.929573772954619,14.463453646433704,7.076040526721204,1,A,25.393027419388325
12.431344518851418,9.436597631911953,8.19985264489773,1,A,22.86794215076337
14.921214729046426,9.299974850653015,9.992627748499212,1,C,25.22118957969944
10.77819349370847,8.9293004304437,6.549622243141153,1,B,20.707493924152168
6.081487282358624,8.373245365390304,10.526309097379034,0,A,15.454732647748926
9.706612232693821,6.156931513734436,10.422088406005054,0,A,16.863543746428256
8.68343006295315,12.79853590920338,13.379422236630354,1,B,22.48196597215653
10.375722722339193,14.494526828158357,9.572051560450884,1,A,25.870249550497547
8.122028814697371,9.547610114841943,11.282942268261944,0,A,18.669638929539314
8.086758753428075,9.603022090996578,5.808923657071475,0,C,18.689780844424654
9.9547666030390225,10.310144958731195,8.497113475557521,1,A,21.26491156177022
10.924281847679147,8.112315362803132,7.143162107343778,1,B,20.036597210482277
12.829615664772424,7.133999734337006,14.117870868016507,1,B,20.96361539910943
10.696105410693344,9.895869710798552,3.9335328363021906,1,A,21.591975121491895
4.368783775554932,17.572466735228687,9.232143925812078,1,A,22.941250510783618
12.177530139650594,9.698640883041637,8.573118428265465,1,C,22.876171022692233
9.240772512347522,11.351447064100167,11.888134605050798,1,A,21.59221957644769
11.952805607259313,8.270402532820368,7.114013664351358,1,B,21.22320814007968
7.027218757101574,8.588084304204141,10.50216850006272,0,B,16.615303061305717
5.97015369739783,10.419619436867846,15.314749709580179,0,B,17.389773134265674
11.635996115062545,4.159344229539695,12.179247278220393,0,B,16.795340344602238
8.615439936165195,10.723453394053617,8.90819056932823,1,A,20.338893330218813
12.326390966195166,8.833091290695458,9.243801338327444,1,C,22.159482256890627
6.066964836913401,13.002935410248288,10.181980117985065,1,B,20.06990024716169
6.247947137786177,11.9620010204642,9.251191353476184,0,C,19.209948158250377
13.428844384135411,11.097302999274728,4.85223296748682,1,C,25.52614738341014
10.671085585686223,10.296481744558122,10.319781781430422,1,C,21.967567330244343
12.811870051316216,7.899369815589299,7.656395713579631,1,A,21.711239866905515
17.05371733056983,12.558828826624794,13.083519170630725,1,A,30.612546157194625
5.580627464185052,7.2951566902106295,8.797046965682611,0,B,13.875784154395681
6.879883246628416,8.943224535974956,7.044704394792644,0,B,16.823107782603373
11.79476202195254,10.131848598038278,5.260047044972702,1,A,22.926610619990818
13.118736508213704,9.914642089978953,9.7123342811878,1,B,24.033378598192655
10.645154360879372,15.360698730641573,8.115142244826014,1,C,27.005853091520947
13.485238981390442,8.421602084309228,13.239595199360812,1,B,22.90684106569967
8.002337244660561,5.864848660784962,8.943038992462615,0,A,14.867185905445524
7.003151022411075,13.565795230908556,9.342467593770586,1,C,21.56894625331963
14.197267007694506,5.342812486967501,9.637473871942056,1,A,20.54007949466201
11.659183770013495,8.013849890690869,8.274687992352042,1,C,20.673033660704363
10.879472037257514,12.496490081448602,14.293345660773905,1,C,24.375962118706116
18.77244247019698,9.046517788765405,10.370728360980694,1,A,28.818960258962385
12.45754513634454,4.693467881250902,6.991472062188708,0,B,18.151013017595442
9.56269321623649,14.186727210503097,11.13326501599108,1,A,24.749420426739587
6.725190270812664,8.346712341472196,13.515925821855141,0,B,16.07190261228486
10.935352111875353,8.250778214212367,9.969320083866915,1,B,20.18613032608772
9.51153224983229,12.411330421902575,9.131635523068766,1,C,22.922862671734865
9.925611199927358,12.834562830230006,9.03015035575833,1,C,23.760174030157366
7.796635764370841,10.5367770589038,10.812691038223907,0,A,19.333412823274642
10.026308458199848,12.35411003307004,6.403300771697105,1,B,23.380418491269886
5.942581472473597,10.213467526267136,9.598468767108576,0,A,17.156048998740733
5.586997784090851,12.439025096079186,12.416101723245152,0,B,19.02602288017004
9.679098435839071,8.587233264563475,14.168885879087975,0,A,19.266331700402546
3.8891549993049246,5.699926456693607,11.574965243312704,0,C,10.589081455998532
14.223477579600218,11.252595687319367,15.062346332227534,1,B,26.476073266919585
6.881383673941436,11.221575184300399,7.309028189335423,0,A,19.102958858241834
7.2913703775688905,5.952473789370533,12.657521580595496,0,A,14.243844166939423
7.437991454511926,5.935445299384047,12.928597895848576,0,A,14.373436753895973
5.636426704388116,6.204114646828904,8.30126745189594,0,B,12.84054135121702
13.777876637175297,7.068273825312874,10.060553524590668,1,C,21.84615046248817
12.681147415592758,4.894238152057233,14.670333223843514,0,B,18.57538556764999
11.703874700799007,4.398084410658059,11.027313199468441,0,A,17.101959111457067
8.843783871530054,10.739999559498736,8.319971910871532,1,A,20.58378343102879
12.811197450126786,10.049361782592607,11.841056110669397,1,C,23.860559232719392
10.794217848574927,9.030442184271646,11.137645498538518,1,B,20.824660032846573
10.38042622080562,8.941302303260493,9.249681388924268,1,A,20.321728524066113
5.2392071893765095,7.015573645111228,9.652172614311269,0,C,13.254780834487738
9.660934741037542,10.245621430105164,3.686172040105639,1,B,20.906556171142704
14.050640818529502,8.982397991129472,11.634772488921955,1,B,24.033038809658976
9.592325503587865,12.029880779237386,9.161811899567233,1,C,22.622206282825253
10.47235350399605,15.819355019767947,11.534062083389028,1,A,27.291708523763997
7.785905369294052,6.544424228900279,8.368050335578337,0,A,15.330329598194332
10.352231154048553,13.326602452014619,5.593156778791284,1,B,24.678833606063172
6.553234062154856,11.839580625223114,6.912977977426372,0,C,19.39281468737797
8.10747445824152,10.411148713368018,6.2668628735236425,0,A,19.518623171609537
9.562698198102542,9.366716048096716,11.705242584556729,0,B,19.929414246199258
8.626256663340937,7.4761354488364145,5.493502158339208,0,B,17.102392112177352
9.044302040314047,8.295681811881577,11.803809016156332,0,C,18.339983852195623
10.991796457896141,10.112594867721324,8.577685588344572,1,A,22.104391325617463
12.10170784113284,12.842342172770648,7.579009948045199,1,B,25.944050013903485
10.609713791016507,8.485082201812814,11.361134303135204,1,B,20.09479599282932
3.0722490515601732,13.480145376752308,8.27846788818419,0,C,17.552394428312482
6.0663408617685715,14.568928881462218,7.715192365383404,1,C,21.63526974323079
9.358881156483747,9.135691265544397,6.472154331886476,0,A,19.494572422028142
6.601172897341533,9.860657339718328,8.4782385666123,0,C,17.46183023705986
13.326912554452885,14.23419168592343,8.884372845716799,1,B,28.561104240376316
8.217366056753535,9.555820306945078,14.047853789780426,0,B,18.773186363698613
8.428194849867008,6.678713093461884,8.343373225324367,0,A,16.106907943328892
10.404441223327476,5.791668811872624,9.356861304103017,0,A,17.1961100352001
6.586660321168793,9.613607886249811,11.561901524107943,0,B,17.200268207418603
12.716074773812636,10.97524010842153,13.50382590123061,1,B,24.691314882234167
14.320179147055516,7.56714210375608,6.470047810242645,1,B,22.887321250811596
9.24806306428605,13.10415037165829,11.118587141356084,1,B,23.352213435944343
11.273498965150266,5.061462741144772,12.559131225583647,0,B,17.334961706295037
8.102446319641855,8.992799598073674,7.891688710525404,0,A,18.09524591771553
11.943762475609368,12.820024873689686,5.990994633276065,1,C,25.763787349299054
6.637330882905282,10.646137969184243,8.19572774237667,0,B,18.283468852089527
11.067839782535243,9.697047494084886,14.657391064020798,1,B,21.76488727662013
10.692300022154905,16.09827348027418,12.05381128330017,1,C,27.790573502429083
10.226737183945643,7.370754222866417,7.913011016701538,0,A,18.59749140681206
11.238935895043001,4.981242693013323,9.372219777206414,0,A,17.220178588056324
5.008603651575623,10.439329816557182,10.015308977693977,0,C,16.447933468132803
7.728237535820654,6.1362154880231925,12.709145518663576,0,A,14.864453023843847
9.840236116196216,10.98437918234114,11.969836175296127,1,B,21.824615298537356
11.652857074006256,12.59628693059265,5.466674449489,1,C,25.249144004598904
11.7546174111378,11.837204635427245,7.197548089165198,1,A,24.591822046565046
14.154238376557347,10.380405827153917,6.606778281554406,1,B,25.534644203711263
12.725043328447443,11.419541169191138,7.496025599853465,1,C,25.144584497638583
14.052617211781897,3.7327083185714063,7.31317804892252,0,A,18.785325530353305
13.684624105018202,14.62929056997447,14.910729751960421,1,B,29.313914674992674
9.106575607980812,14.262861730505216,10.353790282781633,1,C,24.36943733848603
